{
  "dion": [
    {
      "step": 0,
      "loss": 10.88191032409668,
      "learning_rate": 0.01,
      "grad_norm": 0.6300074872009627,
      "wall_time": 0.36893677711486816,
      "memory_used": 1211.69580078125
    },
    {
      "step": 49,
      "loss": 10.840383529663086,
      "learning_rate": 0.01,
      "grad_norm": 0.12964140458310203,
      "wall_time": 2.024878740310669,
      "memory_used": 1211.69580078125
    }
  ],
  "adamw": [
    {
      "step": 0,
      "loss": 10.87259292602539,
      "learning_rate": 0.0002,
      "grad_norm": 0.6429701755766938,
      "wall_time": 0.12933683395385742,
      "memory_used": 1741.39111328125
    },
    {
      "step": 49,
      "loss": 10.880234718322754,
      "learning_rate": 0.0002,
      "grad_norm": 0.2848432823892627,
      "wall_time": 1.1246483325958252,
      "memory_used": 1740.51611328125
    }
  ]
}